user_id;rank;product_id;score
U000000;1;I0130;0.950
U000000;2;I0152;0.900
U000000;3;I0127;0.850
U000000;4;I0225;0.800
U000000;5;I0006;0.750
U000000;6;I0231;0.700
U000000;7;I0165;0.650
U000000;8;I0095;0.600
U000000;9;I0158;0.550
U000000;10;I0146;0.500
U000000;11;I0060;0.450
U000000;12;I0052;0.400
U000001;1;I0175;0.950
U000001;2;I0069;0.900
U000001;3;I0228;0.850
U000001;4;I0041;0.800
U000001;5;I0132;0.750
U000001;6;I0168;0.700
U000001;7;I0133;0.650
U000001;8;I0232;0.600
U000001;9;I0059;0.550
U000001;10;I0211;0.500
U000001;11;I0222;0.450
U000001;12;I0226;0.400
U000002;1;I0061;0.950
U000002;2;I0073;0.900
U000002;3;I0051;0.850
U000002;4;I0148;0.800
U000002;5;I0016;0.750
U000002;6;I0095;0.700
U000002;7;I0206;0.650
U000002;8;I0213;0.600
U000002;9;I0025;0.550
U000002;10;I0183;0.500
U000002;11;I0232;0.450
U000002;12;I0000;0.400
U000003;1;I0065;0.950
U000003;2;I0060;0.900
U000003;3;I0011;0.850
U000003;4;I0078;0.800
U000003;5;I0052;0.750
U000003;6;I0229;0.700
U000003;7;I0140;0.650
U000003;8;I0196;0.600
U000003;9;I0193;0.550
U000003;10;I0033;0.500
U000003;11;I0130;0.450
U000003;12;I0198;0.400
U000004;1;I0223;0.950
U000004;2;I0068;0.900
U000004;3;I0092;0.850
U000004;4;I0099;0.800
U000004;5;I0131;0.750
U000004;6;I0097;0.700
U000004;7;I0121;0.650
U000004;8;I0161;0.600
U000004;9;I0212;0.550
U000004;10;I0162;0.500
U000004;11;I0147;0.450
U000004;12;I0190;0.400
U000005;1;I0118;0.950
U000005;2;I0111;0.900
U000005;3;I0094;0.850
U000005;4;I0212;0.800
U000005;5;I0228;0.750
U000005;6;I0114;0.700
U000005;7;I0109;0.650
U000005;8;I0007;0.600
U000005;9;I0090;0.550
U000005;10;I0229;0.500
U000005;11;I0171;0.450
U000005;12;I0027;0.400
U000006;1;I0187;0.950
U000006;2;I0056;0.900
U000006;3;I0091;0.850
U000006;4;I0071;0.800
U000006;5;I0167;0.750
U000006;6;I0092;0.700
U000006;7;I0030;0.650
U000006;8;I0041;0.600
U000006;9;I0039;0.550
U000006;10;I0058;0.500
U000006;11;I0086;0.450
U000006;12;I0194;0.400
U000007;1;I0061;0.950
U000007;2;I0170;0.900
U000007;3;I0129;0.850
U000007;4;I0068;0.800
U000007;5;I0181;0.750
U000007;6;I0185;0.700
U000007;7;I0150;0.650
U000007;8;I0138;0.600
U000007;9;I0109;0.550
U000007;10;I0153;0.500
U000007;11;I0216;0.450
U000007;12;I0124;0.400
U000008;1;I0090;0.950
U000008;2;I0042;0.900
U000008;3;I0075;0.850
U000008;4;I0219;0.800
U000008;5;I0205;0.750
U000008;6;I0126;0.700
U000008;7;I0082;0.650
U000008;8;I0020;0.600
U000008;9;I0174;0.550
U000008;10;I0016;0.500
U000008;11;I0117;0.450
U000008;12;I0207;0.400
U000009;1;I0021;0.950
U000009;2;I0109;0.900
U000009;3;I0186;0.850
U000009;4;I0146;0.800
U000009;5;I0042;0.750
U000009;6;I0195;0.700
U000009;7;I0141;0.650
U000009;8;I0166;0.600
U000009;9;I0232;0.550
U000009;10;I0079;0.500
U000009;11;I0089;0.450
U000009;12;I0090;0.400
U000010;1;I0053;0.950
U000010;2;I0111;0.900
U000010;3;I0195;0.850
U000010;4;I0163;0.800
U000010;5;I0135;0.750
U000010;6;I0159;0.700
U000010;7;I0140;0.650
U000010;8;I0038;0.600
U000010;9;I0049;0.550
U000010;10;I0142;0.500
U000010;11;I0192;0.450
U000010;12;I0058;0.400
U000011;1;I0200;0.950
U000011;2;I0116;0.900
U000011;3;I0171;0.850
U000011;4;I0229;0.800
U000011;5;I0157;0.750
U000011;6;I0061;0.700
U000011;7;I0096;0.650
U000011;8;I0195;0.600
U000011;9;I0166;0.550
U000011;10;I0058;0.500
U000011;11;I0155;0.450
U000011;12;I0012;0.400
U000012;1;I0044;0.950
U000012;2;I0104;0.900
U000012;3;I0106;0.850
U000012;4;I0038;0.800
U000012;5;I0228;0.750
U000012;6;I0167;0.700
U000012;7;I0196;0.650
U000012;8;I0233;0.600
U000012;9;I0190;0.550
U000012;10;I0198;0.500
U000012;11;I0019;0.450
U000012;12;I0234;0.400
U000013;1;I0133;0.950
U000013;2;I0079;0.900
U000013;3;I0007;0.850
U000013;4;I0070;0.800
U000013;5;I0214;0.750
U000013;6;I0033;0.700
U000013;7;I0004;0.650
U000013;8;I0031;0.600
U000013;9;I0006;0.550
U000013;10;I0179;0.500
U000013;11;I0017;0.450
U000013;12;I0100;0.400
U000014;1;I0153;0.950
U000014;2;I0049;0.900
U000014;3;I0061;0.850
U000014;4;I0075;0.800
U000014;5;I0182;0.750
U000014;6;I0066;0.700
U000014;7;I0180;0.650
U000014;8;I0097;0.600
U000014;9;I0007;0.550
U000014;10;I0142;0.500
U000014;11;I0040;0.450
U000014;12;I0134;0.400
U000015;1;I0174;0.950
U000015;2;I0054;0.900
U000015;3;I0197;0.850
U000015;4;I0123;0.800
U000015;5;I0144;0.750
U000015;6;I0134;0.700
U000015;7;I0155;0.650
U000015;8;I0037;0.600
U000015;9;I0206;0.550
U000015;10;I0139;0.500
U000015;11;I0162;0.450
U000015;12;I0079;0.400
U000016;1;I0119;0.950
U000016;2;I0000;0.900
U000016;3;I0013;0.850
U000016;4;I0097;0.800
U000016;5;I0160;0.750
U000016;6;I0016;0.700
U000016;7;I0124;0.650
U000016;8;I0122;0.600
U000016;9;I0075;0.550
U000016;10;I0033;0.500
U000016;11;I0185;0.450
U000016;12;I0233;0.400
U000017;1;I0151;0.950
U000017;2;I0115;0.900
U000017;3;I0033;0.850
U000017;4;I0084;0.800
U000017;5;I0014;0.750
U000017;6;I0160;0.700
U000017;7;I0062;0.650
U000017;8;I0026;0.600
U000017;9;I0037;0.550
U000017;10;I0112;0.500
U000017;11;I0136;0.450
U000017;12;I0141;0.400
U000018;1;I0048;0.950
U000018;2;I0037;0.900
U000018;3;I0020;0.850
U000018;4;I0032;0.800
U000018;5;I0049;0.750
U000018;6;I0039;0.700
U000018;7;I0018;0.650
U000018;8;I0219;0.600
U000018;9;I0142;0.550
U000018;10;I0162;0.500
U000018;11;I0221;0.450
U000018;12;I0214;0.400
U000019;1;I0153;0.950
U000019;2;I0234;0.900
U000019;3;I0146;0.850
U000019;4;I0188;0.800
U000019;5;I0114;0.750
U000019;6;I0179;0.700
U000019;7;I0083;0.650
U000019;8;I0080;0.600
U000019;9;I0128;0.550
U000019;10;I0152;0.500
U000019;11;I0042;0.450
U000019;12;I0018;0.400
U000020;1;I0113;0.950
U000020;2;I0119;0.900
U000020;3;I0199;0.850
U000020;4;I0057;0.800
U000020;5;I0081;0.750
U000020;6;I0218;0.700
U000020;7;I0104;0.650
U000020;8;I0232;0.600
U000020;9;I0226;0.550
U000020;10;I0047;0.500
U000020;11;I0115;0.450
U000020;12;I0225;0.400
U000021;1;I0026;0.950
U000021;2;I0230;0.900
U000021;3;I0170;0.850
U000021;4;I0137;0.800
U000021;5;I0044;0.750
U000021;6;I0084;0.700
U000021;7;I0223;0.650
U000021;8;I0003;0.600
U000021;9;I0211;0.550
U000021;10;I0168;0.500
U000021;11;I0138;0.450
U000021;12;I0097;0.400
U000022;1;I0168;0.950
U000022;2;I0134;0.900
U000022;3;I0224;0.850
U000022;4;I0230;0.800
U000022;5;I0176;0.750
U000022;6;I0069;0.700
U000022;7;I0178;0.650
U000022;8;I0047;0.600
U000022;9;I0170;0.550
U000022;10;I0102;0.500
U000022;11;I0052;0.450
U000022;12;I0120;0.400
U000023;1;I0149;0.950
U000023;2;I0112;0.900
U000023;3;I0064;0.850
U000023;4;I0203;0.800
U000023;5;I0213;0.750
U000023;6;I0197;0.700
U000023;7;I0194;0.650
U000023;8;I0223;0.600
U000023;9;I0063;0.550
U000023;10;I0224;0.500
U000023;11;I0122;0.450
U000023;12;I0201;0.400
U000024;1;I0043;0.950
U000024;2;I0066;0.900
U000024;3;I0195;0.850
U000024;4;I0146;0.800
U000024;5;I0188;0.750
U000024;6;I0200;0.700
U000024;7;I0176;0.650
U000024;8;I0163;0.600
U000024;9;I0062;0.550
U000024;10;I0140;0.500
U000024;11;I0033;0.450
U000024;12;I0029;0.400
U000025;1;I0139;0.950
U000025;2;I0071;0.900
U000025;3;I0115;0.850
U000025;4;I0009;0.800
U000025;5;I0064;0.750
U000025;6;I0094;0.700
U000025;7;I0233;0.650
U000025;8;I0196;0.600
U000025;9;I0163;0.550
U000025;10;I0130;0.500
U000025;11;I0106;0.450
U000025;12;I0127;0.400
U000026;1;I0180;0.950
U000026;2;I0088;0.900
U000026;3;I0051;0.850
U000026;4;I0120;0.800
U000026;5;I0196;0.750
U000026;6;I0081;0.700
U000026;7;I0032;0.650
U000026;8;I0171;0.600
U000026;9;I0148;0.550
U000026;10;I0003;0.500
U000026;11;I0165;0.450
U000026;12;I0131;0.400
U000027;1;I0098;0.950
U000027;2;I0097;0.900
U000027;3;I0042;0.850
U000027;4;I0046;0.800
U000027;5;I0161;0.750
U000027;6;I0226;0.700
U000027;7;I0051;0.650
U000027;8;I0006;0.600
U000027;9;I0059;0.550
U000027;10;I0131;0.500
U000027;11;I0206;0.450
U000027;12;I0022;0.400
U000028;1;I0093;0.950
U000028;2;I0176;0.900
U000028;3;I0097;0.850
U000028;4;I0234;0.800
U000028;5;I0132;0.750
U000028;6;I0138;0.700
U000028;7;I0086;0.650
U000028;8;I0190;0.600
U000028;9;I0030;0.550
U000028;10;I0081;0.500
U000028;11;I0024;0.450
U000028;12;I0096;0.400
U000029;1;I0077;0.950
U000029;2;I0085;0.900
U000029;3;I0036;0.850
U000029;4;I0010;0.800
U000029;5;I0203;0.750
U000029;6;I0169;0.700
U000029;7;I0228;0.650
U000029;8;I0104;0.600
U000029;9;I0039;0.550
U000029;10;I0188;0.500
U000029;11;I0164;0.450
U000029;12;I0180;0.400
U000030;1;I0114;0.950
U000030;2;I0196;0.900
U000030;3;I0143;0.850
U000030;4;I0209;0.800
U000030;5;I0148;0.750
U000030;6;I0096;0.700
U000030;7;I0046;0.650
U000030;8;I0087;0.600
U000030;9;I0161;0.550
U000030;10;I0211;0.500
U000030;11;I0072;0.450
U000030;12;I0187;0.400
U000031;1;I0005;0.950
U000031;2;I0114;0.900
U000031;3;I0033;0.850
U000031;4;I0116;0.800
U000031;5;I0115;0.750
U000031;6;I0155;0.700
U000031;7;I0064;0.650
U000031;8;I0034;0.600
U000031;9;I0221;0.550
U000031;10;I0081;0.500
U000031;11;I0149;0.450
U000031;12;I0217;0.400
U000032;1;I0152;0.950
U000032;2;I0167;0.900
U000032;3;I0190;0.850
U000032;4;I0225;0.800
U000032;5;I0019;0.750
U000032;6;I0156;0.700
U000032;7;I0200;0.650
U000032;8;I0005;0.600
U000032;9;I0014;0.550
U000032;10;I0168;0.500
U000032;11;I0074;0.450
U000032;12;I0000;0.400
U000033;1;I0004;0.950
U000033;2;I0166;0.900
U000033;3;I0044;0.850
U000033;4;I0059;0.800
U000033;5;I0167;0.750
U000033;6;I0169;0.700
U000033;7;I0191;0.650
U000033;8;I0224;0.600
U000033;9;I0215;0.550
U000033;10;I0223;0.500
U000033;11;I0140;0.450
U000033;12;I0228;0.400
U000034;1;I0137;0.950
U000034;2;I0055;0.900
U000034;3;I0099;0.850
U000034;4;I0136;0.800
U000034;5;I0045;0.750
U000034;6;I0170;0.700
U000034;7;I0013;0.650
U000034;8;I0063;0.600
U000034;9;I0162;0.550
U000034;10;I0234;0.500
U000034;11;I0197;0.450
U000034;12;I0204;0.400
U000035;1;I0158;0.950
U000035;2;I0199;0.900
U000035;3;I0004;0.850
U000035;4;I0072;0.800
U000035;5;I0071;0.750
U000035;6;I0065;0.700
U000035;7;I0232;0.650
U000035;8;I0204;0.600
U000035;9;I0148;0.550
U000035;10;I0054;0.500
U000035;11;I0215;0.450
U000035;12;I0116;0.400
U000036;1;I0180;0.950
U000036;2;I0172;0.900
U000036;3;I0142;0.850
U000036;4;I0059;0.800
U000036;5;I0011;0.750
U000036;6;I0231;0.700
U000036;7;I0056;0.650
U000036;8;I0162;0.600
U000036;9;I0171;0.550
U000036;10;I0052;0.500
U000036;11;I0069;0.450
U000036;12;I0127;0.400
U000037;1;I0062;0.950
U000037;2;I0099;0.900
U000037;3;I0055;0.850
U000037;4;I0057;0.800
U000037;5;I0079;0.750
U000037;6;I0006;0.700
U000037;7;I0052;0.650
U000037;8;I0222;0.600
U000037;9;I0220;0.550
U000037;10;I0073;0.500
U000037;11;I0042;0.450
U000037;12;I0207;0.400
U000038;1;I0169;0.950
U000038;2;I0189;0.900
U000038;3;I0028;0.850
U000038;4;I0176;0.800
U000038;5;I0217;0.750
U000038;6;I0047;0.700
U000038;7;I0105;0.650
U000038;8;I0118;0.600
U000038;9;I0058;0.550
U000038;10;I0080;0.500
U000038;11;I0156;0.450
U000038;12;I0172;0.400
U000039;1;I0214;0.950
U000039;2;I0040;0.900
U000039;3;I0160;0.850
U000039;4;I0120;0.800
U000039;5;I0022;0.750
U000039;6;I0123;0.700
U000039;7;I0166;0.650
U000039;8;I0170;0.600
U000039;9;I0094;0.550
U000039;10;I0213;0.500
U000039;11;I0229;0.450
U000039;12;I0042;0.400
